id,full_name,email,gender,city
10,Merwyn Seviour,mseviour9@deviantart.com,Male,Oslow
51,Faustina Bengall,fbengall1@shareasale.com,Female,Liuxia
11,Waylan Soppett,wsoppett2@bluehost.com,Genderfluid,Vitry-sur-Seine
52,Karina Gornal,kgornal3@twitpic.com,Female,Bogovinje
53,Marris Rawnsley,mrawnsley4@weibo.com,Female,Camp Ithier
54,Vicki Loach,vloach5@arizona.edu,Female,Albania
55,Lizzy Gummer,lgummer6@netlog.com,Female,Tiecun
56,Drusie Hulle,dhulle7@amazonaws.com,Female,Zhongpai
57,Glennie Catonnet,gcatonnet8@bing.com,Female,Nanmuping
58,Darcy Ripping,dripping9@independent.co.uk,Female,Sui’an
59,Boyd Guerreau,bguerreaua@wp.com,Male,Xike
60,Benjamen Gulberg,bgulbergb@acquirethisname.com,Male,Karasuk
61,Tamas Cowp,tcowpc@cbslocal.com,Male,Dublin
62,Burt Hardes,bhardesd@sohu.com,Male,Balucuc
63,Stace Laste,slastee@marketwatch.com,Female,Marigot
64,Harlen Snelling,hsnellingf@cbc.ca,Male,Cabittaogan
65,Palmer Laneham,planehamg@naver.com,Male,Carmen
66,Nicola Spinelli,nspinellih@ibm.com,Male,Lesnoye
67,Abbey Roullier,aroullieri@yahoo.com,Female,Regente Feijó
68,Ritchie Threadgill,rthreadgillj@ehow.com,Male,Linmansangan
69,Justin Foux,jfouxk@ucsd.edu,Male,Pervomayskiy
70,Ellis Winsom,ewinsoml@cmu.edu,Male,Paris 03
71,Jerri Besse,jbessem@walmart.com,Male,Xiaocheng
72,Dave Moncreiff,dmoncreiffn@lycos.com,Male,Hongqiao
73,Linoel Morgon,lmorgono@smugmug.com,Genderqueer,Cabrero
74,Ronalda Hugonet,rhugonetp@typepad.com,Female,Zwedru
75,Nanon Croy,ncroyq@vistaprint.com,Female,Qingnianlu
76,Cherye Pladen,cpladenr@diigo.com,Female,Stryszawa
77,Whit Hamlington,whamlingtons@howstuffworks.com,Male,Manola
78,Bobbi Bausmann,bbausmannt@foxnews.com,Female,Ganjiachang
79,Reba Edgeson,redgesonu@gmpg.org,Female,Sorang
80,Leilah Knocker,lknockerv@usgs.gov,Female,Jingnao
81,Bertram Poppleton,bpoppletonw@symantec.com,Male,Gapluk
82,Westley Ronaldson,wronaldsonx@nbcnews.com,Male,Lianfa
83,Colver Chevin,ccheviny@godaddy.com,Male,Świdwin
84,Sapphire Matthaus,smatthausz@jugem.jp,Agender,Lenakapa
85,Codie Volkes,cvolkes10@cam.ac.uk,Male,Ambatofinandrahana
86,Shoshanna Twelve,stwelve11@google.ru,Female,Martin
87,Datha Querrard,dquerrard12@squarespace.com,Female,Selaawi
88,Royce Braunter,rbraunter13@lycos.com,Male,Nanjing
89,Marget Longthorn,mlongthorn14@yolasite.com,Female,El Paso
90,Mychal Whitely,mwhitely15@ycombinator.com,Male,Lidoríki
91,Teodor Corness,tcorness16@telegraph.co.uk,Male,Primero de Enero
92,Milissent Ridde,mridde17@list-manage.com,Female,Merke
93,Berkly Kinforth,bkinforth18@statcounter.com,Male,København
94,Obediah Gudeman,ogudeman19@dmoz.org,Male,Natal
95,Lacie Roskell,lroskell1a@odnoklassniki.ru,Female,Tây Ninh
96,Christoffer Bonome,cbonome1b@360.cn,Male,Horrom
97,Lauritz Golledge,lgolledge1c@tmall.com,Male,Mamanguape
98,Jeramey Schnieder,jschnieder1d@shinystat.com,Male,Swindon
99,Dillon Potapczuk,dpotapczuk1e@sakura.ne.jp,Male,Xitou
100,Colin Richie,crichie1f@cargocollective.com,Male,Delray Beach
101,Florenza Leftridge,fleftridge1g@adobe.com,Female,Novi Šeher
102,Kynthia Blasing,kblasing1h@toplist.cz,Female,Borås
